pair,asset_type,spread
1000CHEEMS/USD,crypto,0.001903
AAVE/USD,crypto,0.000111
ADA/USD,crypto,0.000405
AMDB/USD,stock,7.9e-05
APT/USD,crypto,0.000126
ARB/USD,crypto,0.000506
ASTER/USD,crypto,0.000139
AVAX/USD,crypto,9.2e-05
AVNT/USD,crypto,0.001571
BIO/USD,crypto,0.001589
BMT/USD,crypto,0.000522
BNB/USD,crypto,1.3e-05
BONK/USD,crypto,0.002743
BTC/USD,crypto,0.0
CAKE/USD,crypto,0.000402
CBRSB/USD,stock,0.000112
CFX/USD,crypto,0.000562
COINB/USD,stock,0.000109
CRCLB/USD,stock,0.000122
CRV/USD,crypto,0.000538
DOGE/USD,crypto,0.000107
DOT/USD,crypto,0.00087
EDEN/USD,crypto,0.000875
EIGEN/USD,crypto,0.000402
ENA/USD,crypto,0.000429
ETH/USD,crypto,4e-06
FET/USD,crypto,0.000457
FIL/USD,crypto,0.000284
FLOKI/USD,crypto,0.000732
FORM/USD,crypto,0.000709
GLWB/USD,stock,0.000488
GOOGLB/USD,stock,2.9e-05
HBAR/USD,crypto,9.9e-05
HEMI/USD,crypto,0.001679
ICP/USD,crypto,0.000599
INTCB/USD,stock,0.000169
LINEA/USD,crypto,0.000711
LINK/USD,crypto,7.2e-05
LISTA/USD,crypto,0.002347
LITEB/USD,stock,0.000258
LTC/USD,crypto,0.000145
METAB/USD,stock,0.000124
MIRA/USD,crypto,0.00057
MSFTB/USD,stock,0.000135
MSTRB/USD,stock,6.2e-05
MUB/USD,stock,9e-06
NBISB/USD,stock,8.3e-05
NEAR/USD,crypto,0.000213
NVDAB/USD,stock,4.3e-05
ONDO/USD,crypto,0.000205
OPEN/USD,crypto,0.000783
PAXG/USD,crypto,2e-06
PENDLE/USD,crypto,0.000424
PENGU/USD,crypto,0.000112
PEPE/USD,crypto,0.002345
PLTRB/USD,stock,0.000318
PLUME/USD,crypto,0.000559
POL/USD,crypto,9.3e-05
PUMP/USD,crypto,0.00018
QCOMB/USD,stock,0.000646
S/USD,crypto,0.000786
SEI/USD,crypto,0.000281
SHIB/USD,crypto,0.00175
SKHYB/USD,stock,5.1e-05
SNDKB/USD,stock,1.2e-05
SOL/USD,crypto,8.4e-05
SOMI/USD,crypto,0.001467
SPCXB/USD,stock,6.3e-05
STO/USD,crypto,0.002389
SUI/USD,crypto,8.6e-05
TAO/USD,crypto,0.000341
TRUMP/USD,crypto,0.000478
TRX/USD,crypto,0.000299
TSLAB/USD,stock,5.4e-05
TUT/USD,crypto,0.000816
UNI/USD,crypto,0.00011
VIRTUAL/USD,crypto,0.00013
WDCB/USD,stock,0.000266
WIF/USD,crypto,0.000408
WLD/USD,crypto,0.000178
WLFI/USD,crypto,0.001826
XLM/USD,crypto,0.000463
XPL/USD,crypto,0.000214
XRP/USD,crypto,6.7e-05
ZEC/USD,crypto,8e-06
ZEN/USD,crypto,0.000292
